Variable,Type,Non-null,Nulls,Unique,Top,Freq Top,% Top,Mean,Std,Var,Min,25%,50%,75%,Max
ID,int64,9512,0,9512,6308943,1,0.01,8210750.886459209,1099345.7707650037,1208561123698.9001,6308943.0,7227208.75,8342317.0,9160217.75,9987369.0
CLIENTEPORCAMPA•AEMAIL,int64,9512,0,2,0,8717,91.64,0.08357863751051303,0.2767694021834417,0.07660130198497972,0.0,0.0,0.0,0.0,1.0
DIASCLIENTE,int64,9512,0,940,0,5970,62.76,99.39034903280067,270.22837058176145,73023.37226727381,0.0,0.0,0.0,19.0,2103.0
CONSUMOSTOTAL,int64,9512,0,337,1,5513,57.96,101.61753574432296,4102.0389892169915,16826723.869056355,1.0,1.0,1.0,4.0,371738.0
EMPRESASUNICAS_CONSULT,int64,9512,0,241,1,6460,67.91,50.52806980656013,1728.1425422871096,2986476.6464625546,1.0,1.0,1.0,2.0,154069.0
NUM_COMPRAS,int64,9512,0,42,1,6264,65.85,2.159062237174096,3.7195380901045176,13.834963603738364,1.0,1.0,1.0,2.0,173.0
IMPORTE_COMPRAS,int64,9512,0,616,15,1949,20.49,168.1920731707317,682.5294804255069,465846.49164991244,6.0,22.0,40.0,100.0,25200.0
