Variable,Type,Non-null,Nulls,Unique,Top,Freq Top,% Top,Mean,Std,Var,Min,25%,50%,75%,Max
ID,numeric,20537,0,9512,8125558,173,0.84,8062243.787408093,1084786.3341843858,1176761390833.198,6308943.0,7100681.0,7997236.0,9012504.0,9987369.0
IMPORTE,numeric,20537,0,48,15,4844,23.59,77.90052101085845,200.63204227888465,40253.21638899616,6.0,15.0,35.0,65.0,4875.0
