Variable,Type,Non-null,Nulls,Unique,Top,Freq Top,% Top,Mean,Std,Var,Min,25%,50%,75%,Max
IDCONSUMO,numeric,960805,0,960800,38111074,2,0.0,64774463.65000078,11862877.705320386,140727867451387.45,34367922.0,55878924.0,65667875.0,74590481.0,83658335.0
ID,numeric,960805,0,4315,6500105,371739,38.69,7258589.183080854,990410.632669254,980913221304.312,6308758.0,6500105.0,6773197.0,7421377.0,9986838.0
